{
	"IcoMoonType": "selection",
	"icons": [
		{
			"icon": {
				"paths": [
					"M18.975 986.049h687.853v37.951h-687.853v-37.951z",
					"M18.975 336.147h33.207v687.853h-33.207v-687.853z",
					"M18.975 336.147h687.853v33.207h-687.853v-33.207z",
					"M429.932 714.902c45.949 0 46.352-71.176 0.508-71.176-45.944 0-46.352 71.176-0.508 71.176v0z",
					"M292.978 714.902c45.953 0 46.357-71.176 0.512-71.176-45.949 0-46.357 71.176-0.512 71.176v0z"
				],
				"width": 721,
				"grid": 0,
				"tags": [
					"harsZ"
				]
			},
			"properties": {
				"order": 1,
				"id": 0,
				"prevSize": 32,
				"code": 122,
				"name": "harsZ",
				"ligatures": "z"
			}
		},
		{
			"icon": {
				"paths": [
					"M18.975 986.049h687.853v37.951h-687.853v-37.951z",
					"M18.975 336.147h33.207v687.853h-33.207v-687.853z",
					"M361.887 714.902c45.949 0 46.357-71.176 0.512-71.176-45.949 0-46.357 71.176-0.512 71.176v0z"
				],
				"width": 721,
				"grid": 0,
				"tags": [
					"harsL"
				]
			},
			"properties": {
				"order": 3,
				"id": 0,
				"prevSize": 32,
				"code": 108,
				"name": "harsL",
				"ligatures": "l"
			}
		},
		{
			"icon": {
				"paths": [
					"M668.878 336.147h37.951v687.853h-37.951v-687.853z",
					"M18.975 986.049h687.853v37.951h-687.853v-37.951z"
				],
				"width": 721,
				"grid": 0,
				"tags": [
					"harsA"
				]
			},
			"properties": {
				"order": 4,
				"id": 0,
				"prevSize": 32,
				"code": 97,
				"name": "harsA",
				"ligatures": "a"
			}
		},
		{
			"icon": {
				"paths": [
					"M668.878 336.147h37.951v687.853h-37.951v-687.853z",
					"M18.975 986.049h687.853v37.951h-687.853v-37.951z",
					"M18.975 336.147h687.853v33.207h-687.853v-33.207z",
					"M429.932 714.902c45.949 0 46.352-71.176 0.508-71.176-45.944 0-46.352 71.176-0.508 71.176v0z",
					"M292.978 714.902c45.953 0 46.357-71.176 0.512-71.176-45.949 0-46.357 71.176-0.512 71.176v0z"
				],
				"width": 721,
				"grid": 0,
				"tags": [
					"harsX"
				]
			},
			"properties": {
				"order": 5,
				"id": 0,
				"prevSize": 32,
				"code": 120,
				"name": "harsX",
				"ligatures": "x"
			}
		},
		{
			"icon": {
				"paths": [
					"M668.878 336.147h37.951v687.853h-37.951v-687.853z",
					"M18.975 986.049h687.853v37.951h-687.853v-37.951z",
					"M18.975 336.147h33.207v687.853h-33.207v-687.853z",
					"M361.887 714.902c45.949 0 46.357-71.176 0.512-71.176-45.949 0-46.357 71.176-0.512 71.176v0z"
				],
				"width": 721,
				"grid": 0,
				"tags": [
					"harsK"
				]
			},
			"properties": {
				"order": 6,
				"id": 0,
				"prevSize": 32,
				"code": 107,
				"name": "harsK",
				"ligatures": "k"
			}
		},
		{
			"icon": {
				"paths": [
					"M668.878 336.147h37.951v687.853h-37.951v-687.853z",
					"M18.975 986.049h687.853v37.951h-687.853v-37.951z",
					"M361.887 714.902c45.949 0 46.357-71.176 0.512-71.176-45.949 0-46.357 71.176-0.512 71.176v0z"
				],
				"width": 721,
				"grid": 0,
				"tags": [
					"harsJ"
				]
			},
			"properties": {
				"order": 7,
				"id": 0,
				"prevSize": 32,
				"code": 106,
				"name": "harsJ",
				"ligatures": "j"
			}
		},
		{
			"icon": {
				"paths": [
					"M668.878 336.147h37.951v687.853h-37.951v-687.853z",
					"M18.975 986.049h687.853v37.951h-687.853v-37.951z",
					"M18.975 336.147h33.207v687.853h-33.207v-687.853z",
					"M18.975 336.147h687.853v33.207h-687.853v-33.207z",
					"M429.932 714.902c45.949 0 46.352-71.176 0.508-71.176-45.944 0-46.352 71.176-0.508 71.176v0z",
					"M292.978 714.902c45.953 0 46.357-71.176 0.512-71.176-45.949 0-46.357 71.176-0.512 71.176v0z"
				],
				"width": 721,
				"grid": 0,
				"tags": [
					"harsY"
				]
			},
			"properties": {
				"order": 8,
				"id": 0,
				"prevSize": 32,
				"code": 121,
				"name": "harsY",
				"ligatures": "y"
			}
		},
		{
			"icon": {
				"paths": [
					"M18.975 986.049h687.853v37.951h-687.853v-37.951z",
					"M18.975 336.147h33.207v687.853h-33.207v-687.853z",
					"M429.932 714.902c45.949 0 46.352-71.176 0.508-71.176-45.944 0-46.352 71.176-0.508 71.176v0z",
					"M292.978 714.902c45.953 0 46.357-71.176 0.512-71.176-45.949 0-46.357 71.176-0.512 71.176v0z"
				],
				"width": 721,
				"grid": 0,
				"tags": [
					"harsV"
				]
			},
			"properties": {
				"order": 9,
				"id": 0,
				"prevSize": 32,
				"code": 118,
				"name": "harsV",
				"ligatures": "v"
			}
		},
		{
			"icon": {
				"paths": [
					"M668.878 336.147h37.951v687.853h-37.951v-687.853z",
					"M18.975 986.049h687.853v37.951h-687.853v-37.951z",
					"M18.975 336.147h33.207v687.853h-33.207v-687.853z",
					"M429.932 714.902c45.949 0 46.352-71.176 0.508-71.176-45.944 0-46.352 71.176-0.508 71.176v0z",
					"M292.978 714.902c45.953 0 46.357-71.176 0.512-71.176-45.949 0-46.357 71.176-0.512 71.176v0z"
				],
				"width": 721,
				"grid": 0,
				"tags": [
					"harsU"
				]
			},
			"properties": {
				"order": 10,
				"id": 0,
				"prevSize": 32,
				"code": 117,
				"name": "harsU",
				"ligatures": "u"
			}
		},
		{
			"icon": {
				"paths": [
					"M668.878 336.147h37.951v687.853h-37.951v-687.853z",
					"M18.975 986.049h687.853v37.951h-687.853v-37.951z",
					"M429.932 714.902c45.949 0 46.352-71.176 0.508-71.176-45.944 0-46.352 71.176-0.508 71.176v0z",
					"M292.978 714.902c45.953 0 46.357-71.176 0.512-71.176-45.949 0-46.357 71.176-0.512 71.176v0z"
				],
				"width": 721,
				"grid": 0,
				"tags": [
					"harsT"
				]
			},
			"properties": {
				"order": 11,
				"id": 0,
				"prevSize": 32,
				"code": 116,
				"name": "harsT",
				"ligatures": "t"
			}
		},
		{
			"icon": {
				"paths": [
					"M18.975 336.147h33.207v687.853h-33.207v-687.853z",
					"M18.975 336.147h687.853v33.207h-687.853v-33.207z",
					"M361.887 714.902c45.949 0 46.357-71.176 0.512-71.176-45.949 0-46.357 71.176-0.512 71.176v0z"
				],
				"width": 721,
				"grid": 0,
				"tags": [
					"harsS"
				]
			},
			"properties": {
				"order": 12,
				"id": 0,
				"prevSize": 32,
				"code": 115,
				"name": "harsS",
				"ligatures": "s"
			}
		},
		{
			"icon": {
				"paths": [
					"M668.878 336.147h37.951v687.853h-37.951v-687.853z",
					"M18.975 336.147h33.207v687.853h-33.207v-687.853z",
					"M18.975 336.147h687.853v33.207h-687.853v-33.207z",
					"M361.887 714.902c45.949 0 46.357-71.176 0.512-71.176-45.949 0-46.357 71.176-0.512 71.176v0z"
				],
				"width": 721,
				"grid": 0,
				"tags": [
					"harsR"
				]
			},
			"properties": {
				"order": 13,
				"id": 0,
				"prevSize": 32,
				"code": 114,
				"name": "harsR",
				"ligatures": "r"
			}
		},
		{
			"icon": {
				"paths": [
					"M668.878 336.147h37.951v687.853h-37.951v-687.853z",
					"M18.975 336.147h687.853v33.207h-687.853v-33.207z",
					"M361.887 714.902c45.949 0 46.357-71.176 0.512-71.176-45.949 0-46.357 71.176-0.512 71.176v0z"
				],
				"width": 721,
				"grid": 0,
				"tags": [
					"harsP"
				]
			},
			"properties": {
				"order": 14,
				"id": 0,
				"prevSize": 32,
				"code": 112,
				"name": "harsP",
				"ligatures": "p"
			}
		},
		{
			"icon": {
				"paths": [
					"M18.975 336.147h33.207v687.853h-33.207v-687.853z",
					"M18.975 336.147h687.853v33.207h-687.853v-33.207z",
					"M429.932 714.902c45.949 0 46.352-71.176 0.508-71.176-45.944 0-46.352 71.176-0.508 71.176v0z",
					"M292.978 714.902c45.953 0 46.357-71.176 0.512-71.176-45.949 0-46.357 71.176-0.512 71.176v0z"
				],
				"width": 721,
				"grid": 0,
				"tags": [
					"harsOE"
				]
			},
			"properties": {
				"order": 15,
				"id": 0,
				"prevSize": 32,
				"code": 246,
				"name": "harsOE",
				"ligatures": "F6"
			}
		},
		{
			"icon": {
				"paths": [
					"M18.975 986.049h687.853v37.951h-687.853v-37.951z",
					"M18.975 336.147h33.207v687.853h-33.207v-687.853z",
					"M18.975 336.147h687.853v33.207h-687.853v-33.207z",
					"M361.887 714.902c45.949 0 46.357-71.176 0.512-71.176-45.949 0-46.357 71.176-0.512 71.176v0z"
				],
				"width": 721,
				"grid": 0,
				"tags": [
					"harsO"
				]
			},
			"properties": {
				"order": 16,
				"id": 0,
				"prevSize": 32,
				"code": 111,
				"name": "harsO",
				"ligatures": "o"
			}
		},
		{
			"icon": {
				"paths": [
					"M668.878 336.147h37.951v687.853h-37.951v-687.853z",
					"M18.975 986.049h687.853v37.951h-687.853v-37.951z",
					"M18.975 336.147h33.207v687.853h-33.207v-687.853z",
					"M18.975 336.147h687.853v33.207h-687.853v-33.207z",
					"M361.887 714.902c45.949 0 46.357-71.176 0.512-71.176-45.949 0-46.357 71.176-0.512 71.176v0z"
				],
				"width": 721,
				"grid": 0,
				"tags": [
					"harsN"
				]
			},
			"properties": {
				"order": 17,
				"id": 0,
				"prevSize": 32,
				"code": 110,
				"name": "harsN",
				"ligatures": "n"
			}
		},
		{
			"icon": {
				"paths": [
					"M668.878 336.147h37.951v687.853h-37.951v-687.853z",
					"M18.975 986.049h687.853v37.951h-687.853v-37.951z",
					"M18.975 336.147h687.853v33.207h-687.853v-33.207z",
					"M361.887 714.902c45.949 0 46.357-71.176 0.512-71.176-45.949 0-46.357 71.176-0.512 71.176v0z"
				],
				"width": 721,
				"grid": 0,
				"tags": [
					"harsM"
				]
			},
			"properties": {
				"order": 18,
				"id": 0,
				"prevSize": 32,
				"code": 109,
				"name": "harsM",
				"ligatures": "m"
			}
		},
		{
			"icon": {
				"paths": [
					"M18.975 336.147h33.207v687.853h-33.207v-687.853z",
					"M18.975 336.147h687.853v33.207h-687.853v-33.207z"
				],
				"width": 721,
				"grid": 0,
				"tags": [
					"harsI"
				]
			},
			"properties": {
				"order": 19,
				"id": 0,
				"prevSize": 32,
				"code": 105,
				"name": "harsI",
				"ligatures": "i"
			}
		},
		{
			"icon": {
				"paths": [
					"M668.878 336.147h37.951v687.853h-37.951v-687.853z",
					"M18.975 336.147h33.207v687.853h-33.207v-687.853z",
					"M18.975 336.147h687.853v33.207h-687.853v-33.207z"
				],
				"width": 721,
				"grid": 0,
				"tags": [
					"harsH"
				]
			},
			"properties": {
				"order": 20,
				"id": 0,
				"prevSize": 32,
				"code": 104,
				"name": "harsH",
				"ligatures": "h"
			}
		},
		{
			"icon": {
				"paths": [
					"M668.878 336.147h37.951v687.853h-37.951v-687.853z",
					"M18.975 336.147h687.853v33.207h-687.853v-33.207z"
				],
				"width": 721,
				"grid": 0,
				"tags": [
					"harsG"
				]
			},
			"properties": {
				"order": 21,
				"id": 0,
				"prevSize": 32,
				"code": 103,
				"name": "harsG",
				"ligatures": "g"
			}
		},
		{
			"icon": {
				"paths": [
					"M18.975 986.049h687.853v37.951h-687.853v-37.951z",
					"M18.975 336.147h33.207v687.853h-33.207v-687.853z",
					"M18.975 336.147h687.853v33.207h-687.853v-33.207z"
				],
				"width": 721,
				"grid": 0,
				"tags": [
					"harsF"
				]
			},
			"properties": {
				"order": 22,
				"id": 0,
				"prevSize": 32,
				"code": 102,
				"name": "harsF",
				"ligatures": "f"
			}
		},
		{
			"icon": {
				"paths": [
					"M668.878 336.147h37.951v687.853h-37.951v-687.853z",
					"M18.975 986.049h687.853v37.951h-687.853v-37.951z",
					"M18.975 336.147h33.207v687.853h-33.207v-687.853z",
					"M18.975 336.147h687.853v33.207h-687.853v-33.207z"
				],
				"width": 721,
				"grid": 0,
				"tags": [
					"harsE"
				]
			},
			"properties": {
				"order": 23,
				"id": 0,
				"prevSize": 32,
				"code": 101,
				"name": "harsE",
				"ligatures": "e"
			}
		},
		{
			"icon": {
				"paths": [
					"M668.878 336.147h37.951v687.853h-37.951v-687.853z",
					"M18.975 986.049h687.853v37.951h-687.853v-37.951z",
					"M18.975 336.147h687.853v33.207h-687.853v-33.207z"
				],
				"width": 721,
				"grid": 0,
				"tags": [
					"harsD"
				]
			},
			"properties": {
				"order": 24,
				"id": 0,
				"prevSize": 32,
				"code": 100,
				"name": "harsD",
				"ligatures": "d"
			}
		},
		{
			"icon": {
				"paths": [
					"M18.975 986.049h687.853v37.951h-687.853v-37.951z",
					"M18.975 336.147h33.207v687.853h-33.207v-687.853z"
				],
				"width": 721,
				"grid": 0,
				"tags": [
					"harsC"
				]
			},
			"properties": {
				"order": 25,
				"id": 0,
				"prevSize": 32,
				"code": 99,
				"name": "harsC",
				"ligatures": "c"
			}
		},
		{
			"icon": {
				"paths": [
					"M668.878 336.147h37.951v687.853h-37.951v-687.853z",
					"M18.975 986.049h687.853v37.951h-687.853v-37.951z",
					"M18.975 336.147h33.207v687.853h-33.207v-687.853z"
				],
				"width": 721,
				"grid": 0,
				"tags": [
					"harsB"
				]
			},
			"properties": {
				"order": 26,
				"id": 0,
				"prevSize": 32,
				"code": 98,
				"name": "harsB",
				"ligatures": "b"
			}
		},
		{
			"icon": {
				"paths": [
					"M668.878 336.147h37.951v687.853h-37.951v-687.853z",
					"M18.975 336.147h33.207v687.853h-33.207v-687.853z",
					"M18.975 336.147h687.853v33.207h-687.853v-33.207z",
					"M429.932 714.902c45.949 0 46.352-71.176 0.508-71.176-45.944 0-46.352 71.176-0.508 71.176v0z",
					"M292.978 714.902c45.953 0 46.357-71.176 0.512-71.176-45.949 0-46.357 71.176-0.512 71.176v0z"
				],
				"width": 721,
				"grid": 0,
				"tags": [
					"harsAE"
				]
			},
			"properties": {
				"order": 27,
				"id": 0,
				"prevSize": 32,
				"code": 228,
				"name": "harsAE",
				"ligatures": "E4"
			}
		},
		{
			"icon": {
				"paths": [
					"M668.878 336.147h37.951v687.853h-37.951v-687.853z",
					"M18.975 336.147h687.853v33.207h-687.853v-33.207z",
					"M429.932 714.902c45.949 0 46.352-71.176 0.508-71.176-45.944 0-46.352 71.176-0.508 71.176v0z",
					"M292.978 714.902c45.953 0 46.357-71.176 0.512-71.176-45.949 0-46.357 71.176-0.512 71.176v0z"
				],
				"width": 721,
				"grid": 0,
				"tags": [
					"harsAA"
				]
			},
			"properties": {
				"order": 28,
				"id": 0,
				"prevSize": 32,
				"code": 229,
				"name": "harsAA",
				"ligatures": "E5"
			}
		}
	],
	"height": 1024,
	"metadata": {}
}