{
	"IcoMoonType": "selection",
	"icons": [
		{
			"icon": {
				"paths": [
					"M28.463 990.641h616.699v34.028h-616.699v-34.028z",
					"M28.463 407.97h29.772v616.699h-29.772v-616.699z",
					"M28.463 407.97h616.699v29.772h-616.699v-29.772z",
					"M396.907 747.548c41.2 0 41.561-63.809 0.46-63.809-41.195 0-41.561 63.809-0.46 63.809v0z",
					"M274.123 747.548c41.2 0 41.561-63.809 0.46-63.809-41.195 0-41.561 63.809-0.46 63.809v0z"
				],
				"width": 721,
				"grid": 0,
				"tags": [
					"harsZ"
				]
			},
			"properties": {
				"order": 1,
				"id": 0,
				"prevSize": 32,
				"code": 122,
				"name": "harsZ",
				"ligatures": ""
			},
			"setIdx": 0,
			"iconIdx": 23
		},
		{
			"icon": {
				"paths": [
					"M28.463 990.641h616.699v34.028h-616.699v-34.028z",
					"M28.463 407.97h29.772v616.699h-29.772v-616.699z",
					"M335.902 747.548c41.195 0 41.561-63.809 0.46-63.809-41.195 0-41.561 63.809-0.46 63.809v0z"
				],
				"width": 721,
				"grid": 0,
				"tags": [
					"harsL"
				]
			},
			"properties": {
				"order": 2,
				"id": 0,
				"prevSize": 32,
				"code": 108,
				"name": "harsL",
				"ligatures": ""
			},
			"setIdx": 0,
			"iconIdx": 11
		},
		{
			"icon": {
				"paths": [
					"M611.134 407.97h34.028v616.699h-34.028v-616.699z",
					"M28.463 990.641h616.699v34.028h-616.699v-34.028z",
					"M28.463 407.97h616.699v29.772h-616.699v-29.772z",
					"M396.907 747.548c41.2 0 41.561-63.809 0.46-63.809-41.195 0-41.561 63.809-0.46 63.809v0z",
					"M274.123 747.548c41.2 0 41.561-63.809 0.46-63.809-41.195 0-41.561 63.809-0.46 63.809v0z"
				],
				"width": 721,
				"grid": 0,
				"tags": [
					"harsX"
				]
			},
			"properties": {
				"order": 3,
				"id": 0,
				"prevSize": 32,
				"code": 120,
				"name": "harsX",
				"ligatures": ""
			},
			"setIdx": 0,
			"iconIdx": 21
		},
		{
			"icon": {
				"paths": [
					"M611.134 407.97h34.028v616.699h-34.028v-616.699z",
					"M28.463 990.641h616.699v34.028h-616.699v-34.028z",
					"M28.463 407.97h29.772v616.699h-29.772v-616.699z",
					"M335.902 747.548c41.195 0 41.561-63.809 0.46-63.809-41.195 0-41.561 63.809-0.46 63.809v0z"
				],
				"width": 721,
				"grid": 0,
				"tags": [
					"harsK"
				]
			},
			"properties": {
				"order": 4,
				"id": 0,
				"prevSize": 32,
				"code": 107,
				"name": "harsK",
				"ligatures": ""
			},
			"setIdx": 0,
			"iconIdx": 10
		},
		{
			"icon": {
				"paths": [
					"M611.134 407.97h34.028v616.699h-34.028v-616.699z",
					"M28.463 990.641h616.699v34.028h-616.699v-34.028z",
					"M335.902 747.548c41.195 0 41.561-63.809 0.46-63.809-41.195 0-41.561 63.809-0.46 63.809v0z"
				],
				"width": 721,
				"grid": 0,
				"tags": [
					"harsJ"
				]
			},
			"properties": {
				"order": 5,
				"id": 0,
				"prevSize": 32,
				"code": 106,
				"name": "harsJ",
				"ligatures": ""
			},
			"setIdx": 0,
			"iconIdx": 9
		},
		{
			"icon": {
				"paths": [
					"M611.134 407.97h34.028v616.699h-34.028v-616.699z",
					"M28.463 990.641h616.699v34.028h-616.699v-34.028z",
					"M28.463 407.97h29.772v616.699h-29.772v-616.699z",
					"M28.463 407.97h616.699v29.772h-616.699v-29.772z",
					"M396.907 747.548c41.2 0 41.561-63.809 0.46-63.809-41.195 0-41.561 63.809-0.46 63.809v0z",
					"M274.123 747.548c41.2 0 41.561-63.809 0.46-63.809-41.195 0-41.561 63.809-0.46 63.809v0z"
				],
				"width": 721,
				"grid": 0,
				"tags": [
					"harsY"
				]
			},
			"properties": {
				"order": 6,
				"id": 0,
				"prevSize": 32,
				"code": 121,
				"name": "harsY",
				"ligatures": ""
			},
			"setIdx": 0,
			"iconIdx": 22
		},
		{
			"icon": {
				"paths": [
					"M28.463 990.641h616.699v34.028h-616.699v-34.028z",
					"M28.463 407.97h29.772v616.699h-29.772v-616.699z",
					"M396.907 747.548c41.2 0 41.561-63.809 0.46-63.809-41.195 0-41.561 63.809-0.46 63.809v0z",
					"M274.123 747.548c41.2 0 41.561-63.809 0.46-63.809-41.195 0-41.561 63.809-0.46 63.809v0z"
				],
				"width": 721,
				"grid": 0,
				"tags": [
					"harsV"
				]
			},
			"properties": {
				"order": 7,
				"id": 0,
				"prevSize": 32,
				"code": 118,
				"name": "harsV",
				"ligatures": ""
			},
			"setIdx": 0,
			"iconIdx": 20
		},
		{
			"icon": {
				"paths": [
					"M611.134 407.97h34.028v616.699h-34.028v-616.699z",
					"M28.463 990.641h616.699v34.028h-616.699v-34.028z",
					"M28.463 407.97h29.772v616.699h-29.772v-616.699z",
					"M396.907 747.548c41.2 0 41.561-63.809 0.46-63.809-41.195 0-41.561 63.809-0.46 63.809v0z",
					"M274.123 747.548c41.2 0 41.561-63.809 0.46-63.809-41.195 0-41.561 63.809-0.46 63.809v0z"
				],
				"width": 721,
				"grid": 0,
				"tags": [
					"harsU"
				]
			},
			"properties": {
				"order": 8,
				"id": 0,
				"prevSize": 32,
				"code": 117,
				"name": "harsU",
				"ligatures": ""
			},
			"setIdx": 0,
			"iconIdx": 19
		},
		{
			"icon": {
				"paths": [
					"M611.134 407.97h34.028v616.699h-34.028v-616.699z",
					"M28.463 990.641h616.699v34.028h-616.699v-34.028z",
					"M396.907 747.548c41.2 0 41.561-63.809 0.46-63.809-41.195 0-41.561 63.809-0.46 63.809v0z",
					"M274.123 747.548c41.2 0 41.561-63.809 0.46-63.809-41.195 0-41.561 63.809-0.46 63.809v0z"
				],
				"width": 721,
				"grid": 0,
				"tags": [
					"harsT"
				]
			},
			"properties": {
				"order": 9,
				"id": 0,
				"prevSize": 32,
				"code": 116,
				"name": "harsT",
				"ligatures": ""
			},
			"setIdx": 0,
			"iconIdx": 18
		},
		{
			"icon": {
				"paths": [
					"M28.463 407.97h29.772v616.699h-29.772v-616.699z",
					"M28.463 407.97h616.699v29.772h-616.699v-29.772z",
					"M335.902 747.548c41.195 0 41.561-63.809 0.46-63.809-41.195 0-41.561 63.809-0.46 63.809v0z"
				],
				"width": 721,
				"grid": 0,
				"tags": [
					"harsS"
				]
			},
			"properties": {
				"order": 10,
				"id": 0,
				"prevSize": 32,
				"code": 115,
				"name": "harsS",
				"ligatures": ""
			},
			"setIdx": 0,
			"iconIdx": 17
		},
		{
			"icon": {
				"paths": [
					"M611.134 407.97h34.028v616.699h-34.028v-616.699z",
					"M28.463 407.97h29.772v616.699h-29.772v-616.699z",
					"M28.463 407.97h616.699v29.772h-616.699v-29.772z",
					"M335.902 747.548c41.195 0 41.561-63.809 0.46-63.809-41.195 0-41.561 63.809-0.46 63.809v0z"
				],
				"width": 721,
				"grid": 0,
				"tags": [
					"harsR"
				]
			},
			"properties": {
				"order": 11,
				"id": 0,
				"prevSize": 32,
				"code": 114,
				"name": "harsR",
				"ligatures": ""
			},
			"setIdx": 0,
			"iconIdx": 16
		},
		{
			"icon": {
				"paths": [
					"M611.134 407.97h34.028v616.699h-34.028v-616.699z",
					"M28.463 407.97h616.699v29.772h-616.699v-29.772z",
					"M335.902 747.548c41.195 0 41.561-63.809 0.46-63.809-41.195 0-41.561 63.809-0.46 63.809v0z"
				],
				"width": 721,
				"grid": 0,
				"tags": [
					"harsP"
				]
			},
			"properties": {
				"order": 12,
				"id": 0,
				"prevSize": 32,
				"code": 112,
				"name": "harsP",
				"ligatures": ""
			},
			"setIdx": 0,
			"iconIdx": 15
		},
		{
			"icon": {
				"paths": [
					"M28.463 407.97h29.772v616.699h-29.772v-616.699z",
					"M28.463 407.97h616.699v29.772h-616.699v-29.772z",
					"M396.907 747.548c41.2 0 41.561-63.809 0.46-63.809-41.195 0-41.561 63.809-0.46 63.809v0z",
					"M274.123 747.548c41.2 0 41.561-63.809 0.46-63.809-41.195 0-41.561 63.809-0.46 63.809v0z"
				],
				"width": 721,
				"grid": 0,
				"tags": [
					"harsOE"
				]
			},
			"properties": {
				"order": 13,
				"id": 0,
				"prevSize": 32,
				"code": 246,
				"name": "harsOE",
				"ligatures": "F6"
			},
			"setIdx": 0,
			"iconIdx": 26
		},
		{
			"icon": {
				"paths": [
					"M28.463 990.641h616.699v34.028h-616.699v-34.028z",
					"M28.463 407.97h29.772v616.699h-29.772v-616.699z",
					"M28.463 407.97h616.699v29.772h-616.699v-29.772z",
					"M335.902 747.548c41.195 0 41.561-63.809 0.46-63.809-41.195 0-41.561 63.809-0.46 63.809v0z"
				],
				"width": 721,
				"grid": 0,
				"tags": [
					"harsO"
				]
			},
			"properties": {
				"order": 14,
				"id": 0,
				"prevSize": 32,
				"code": 111,
				"name": "harsO",
				"ligatures": ""
			},
			"setIdx": 0,
			"iconIdx": 14
		},
		{
			"icon": {
				"paths": [
					"M611.134 407.97h34.028v616.699h-34.028v-616.699z",
					"M28.463 990.641h616.699v34.028h-616.699v-34.028z",
					"M28.463 407.97h29.772v616.699h-29.772v-616.699z",
					"M28.463 407.97h616.699v29.772h-616.699v-29.772z",
					"M335.902 747.548c41.195 0 41.561-63.809 0.46-63.809-41.195 0-41.561 63.809-0.46 63.809v0z"
				],
				"width": 721,
				"grid": 0,
				"tags": [
					"harsN"
				]
			},
			"properties": {
				"order": 15,
				"id": 0,
				"prevSize": 32,
				"code": 110,
				"name": "harsN",
				"ligatures": ""
			},
			"setIdx": 0,
			"iconIdx": 13
		},
		{
			"icon": {
				"paths": [
					"M611.134 407.97h34.028v616.699h-34.028v-616.699z",
					"M28.463 990.641h616.699v34.028h-616.699v-34.028z",
					"M28.463 407.97h616.699v29.772h-616.699v-29.772z",
					"M335.902 747.548c41.195 0 41.561-63.809 0.46-63.809-41.195 0-41.561 63.809-0.46 63.809v0z"
				],
				"width": 721,
				"grid": 0,
				"tags": [
					"harsM"
				]
			},
			"properties": {
				"order": 16,
				"id": 0,
				"prevSize": 32,
				"code": 109,
				"name": "harsM",
				"ligatures": ""
			},
			"setIdx": 0,
			"iconIdx": 12
		},
		{
			"icon": {
				"paths": [
					"M28.463 407.97h29.772v616.699h-29.772v-616.699z",
					"M28.463 407.97h616.699v29.772h-616.699v-29.772z"
				],
				"width": 721,
				"grid": 0,
				"tags": [
					"harsI"
				]
			},
			"properties": {
				"order": 17,
				"id": 0,
				"prevSize": 32,
				"code": 105,
				"name": "harsI",
				"ligatures": ""
			},
			"setIdx": 0,
			"iconIdx": 8
		},
		{
			"icon": {
				"paths": [
					"M611.134 407.97h34.028v616.699h-34.028v-616.699z",
					"M28.463 407.97h29.772v616.699h-29.772v-616.699z",
					"M28.463 407.97h616.699v29.772h-616.699v-29.772z"
				],
				"width": 721,
				"grid": 0,
				"tags": [
					"harsH"
				]
			},
			"properties": {
				"order": 18,
				"id": 0,
				"prevSize": 32,
				"code": 104,
				"name": "harsH",
				"ligatures": ""
			},
			"setIdx": 0,
			"iconIdx": 7
		},
		{
			"icon": {
				"paths": [
					"M611.134 407.97h34.028v616.699h-34.028v-616.699z",
					"M28.463 407.97h616.699v29.772h-616.699v-29.772z"
				],
				"width": 721,
				"grid": 0,
				"tags": [
					"harsG"
				]
			},
			"properties": {
				"order": 19,
				"id": 0,
				"prevSize": 32,
				"code": 103,
				"name": "harsG",
				"ligatures": ""
			},
			"setIdx": 0,
			"iconIdx": 6
		},
		{
			"icon": {
				"paths": [
					"M28.463 990.641h616.699v34.028h-616.699v-34.028z",
					"M28.463 407.97h29.772v616.699h-29.772v-616.699z",
					"M28.463 407.97h616.699v29.772h-616.699v-29.772z"
				],
				"width": 721,
				"grid": 0,
				"tags": [
					"harsF"
				]
			},
			"properties": {
				"order": 20,
				"id": 0,
				"prevSize": 32,
				"code": 102,
				"name": "harsF",
				"ligatures": ""
			},
			"setIdx": 0,
			"iconIdx": 5
		},
		{
			"icon": {
				"paths": [
					"M611.134 407.97h34.028v616.699h-34.028v-616.699z",
					"M28.463 990.641h616.699v34.028h-616.699v-34.028z",
					"M28.463 407.97h29.772v616.699h-29.772v-616.699z",
					"M28.463 407.97h616.699v29.772h-616.699v-29.772z"
				],
				"width": 721,
				"grid": 0,
				"tags": [
					"harsE"
				]
			},
			"properties": {
				"order": 21,
				"id": 0,
				"prevSize": 32,
				"code": 101,
				"name": "harsE",
				"ligatures": ""
			},
			"setIdx": 0,
			"iconIdx": 4
		},
		{
			"icon": {
				"paths": [
					"M611.134 407.97h34.028v616.699h-34.028v-616.699z",
					"M28.463 990.641h616.699v34.028h-616.699v-34.028z",
					"M28.463 407.97h616.699v29.772h-616.699v-29.772z"
				],
				"width": 721,
				"grid": 0,
				"tags": [
					"harsD"
				]
			},
			"properties": {
				"order": 22,
				"id": 0,
				"prevSize": 32,
				"code": 100,
				"name": "harsD",
				"ligatures": ""
			},
			"setIdx": 0,
			"iconIdx": 3
		},
		{
			"icon": {
				"paths": [
					"M28.463 990.641h616.699v34.028h-616.699v-34.028z",
					"M28.463 407.97h29.772v616.699h-29.772v-616.699z"
				],
				"width": 721,
				"grid": 0,
				"tags": [
					"harsC"
				]
			},
			"properties": {
				"order": 23,
				"id": 0,
				"prevSize": 32,
				"code": 99,
				"name": "harsC",
				"ligatures": ""
			},
			"setIdx": 0,
			"iconIdx": 2
		},
		{
			"icon": {
				"paths": [
					"M611.134 407.97h34.028v616.699h-34.028v-616.699z",
					"M28.463 990.641h616.699v34.028h-616.699v-34.028z",
					"M28.463 407.97h29.772v616.699h-29.772v-616.699z"
				],
				"width": 721,
				"grid": 0,
				"tags": [
					"harsB"
				]
			},
			"properties": {
				"order": 24,
				"id": 0,
				"prevSize": 32,
				"code": 98,
				"name": "harsB",
				"ligatures": ""
			},
			"setIdx": 0,
			"iconIdx": 1
		},
		{
			"icon": {
				"paths": [
					"M611.134 407.97h34.028v616.699h-34.028v-616.699z",
					"M28.463 407.97h29.772v616.699h-29.772v-616.699z",
					"M28.463 407.97h616.699v29.772h-616.699v-29.772z",
					"M396.907 747.548c41.2 0 41.561-63.809 0.46-63.809-41.195 0-41.561 63.809-0.46 63.809v0z",
					"M274.123 747.548c41.2 0 41.561-63.809 0.46-63.809-41.195 0-41.561 63.809-0.46 63.809v0z"
				],
				"width": 721,
				"grid": 0,
				"tags": [
					"harsAE"
				]
			},
			"properties": {
				"order": 25,
				"id": 0,
				"prevSize": 32,
				"code": 228,
				"name": "harsAE",
				"ligatures": "E4"
			},
			"setIdx": 0,
			"iconIdx": 25
		},
		{
			"icon": {
				"paths": [
					"M611.134 407.97h34.028v616.699h-34.028v-616.699z",
					"M28.463 407.97h616.699v29.772h-616.699v-29.772z",
					"M396.907 747.548c41.2 0 41.561-63.809 0.46-63.809-41.195 0-41.561 63.809-0.46 63.809v0z",
					"M274.123 747.548c41.2 0 41.561-63.809 0.46-63.809-41.195 0-41.561 63.809-0.46 63.809v0z"
				],
				"width": 721,
				"grid": 0,
				"tags": [
					"harsAA"
				]
			},
			"properties": {
				"order": 26,
				"id": 0,
				"prevSize": 32,
				"code": 229,
				"name": "harsAA",
				"ligatures": "E5"
			},
			"setIdx": 0,
			"iconIdx": 24
		},
		{
			"icon": {
				"paths": [
					"M610.735 407.704h34.005v616.296h-34.005v-616.296z",
					"M28.444 989.995h616.296v34.005h-616.296v-34.005z"
				],
				"width": 721,
				"grid": 0,
				"tags": [
					"harsA"
				]
			},
			"properties": {
				"order": 27,
				"id": 0,
				"prevSize": 32,
				"code": 97,
				"name": "harsA",
				"ligatures": ""
			},
			"setIdx": 0,
			"iconIdx": 0
		}
	],
	"height": 1024,
	"metadata": {
		"name": "hars"
	},
	"preferences": {
		"fontPref": {
			"prefix": "icon-",
			"metadata": {
				"fontFamily": "hars"
			},
			"showGlyphs": true,
			"metrics": {
				"emSize": 1024,
				"baseline": 6.25,
				"whitespace": 50
			},
			"resetPoint": 58880,
			"showQuickUse": false,
			"autoHost": true,
			"quickUsageToken": "MDZhNTFkZWM3YTk0ZmU2OWE2NDI1ODEyOTMwZGNlZGQjMiMxMzgyMDMzNTUxIyMj"
		},
		"imagePref": {
			"color": 0,
			"height": 32,
			"columns": 16,
			"margin": 16,
			"png": true,
			"sprites": false
		},
		"historySize": 100,
		"showCodes": true,
		"gridSize": 16,
		"showLiga": true,
		"showGlyphs": true,
		"showQuickUse": true,
		"quickUsageToken": {
			"Untitled Project 2": "MjMzZjdhMTM5NzRkY2VlZWU0NmJmYjBiYTlhYTliZjEjMiMxMzkxMzI2MDU5IyMj"
		}
	}
}